,TP53,CTNNB1,TERT,ARID1A,AXIN1,CDKN2A,RB1,PTEN,PIK3CA,KRAS,NFE2L2,KEAP1,ALB,APOB
MIX_001,1,1,0,0,0,0,1,0,0,0,1,1,1,1
MIX_002,0,0,0,0,0,1,1,0,1,0,1,0,1,0
MIX_003,1,0,0,0,0,0,1,0,0,0,0,0,1,0
MIX_004,0,0,0,0,0,0,0,1,0,1,1,0,0,1
MIX_005,0,1,1,1,0,1,0,0,0,0,1,0,1,1
MIX_006,1,0,0,0,0,0,1,0,1,0,0,0,0,0
MIX_007,1,1,1,0,0,1,1,0,0,0,1,0,0,0
MIX_008,0,0,0,0,0,0,0,0,0,0,1,0,0,0
MIX_009,1,0,0,0,0,1,0,0,0,0,1,0,1,0
MIX_010,0,0,0,0,0,1,0,1,1,0,0,0,0,0
MIX_011,1,0,1,1,0,0,1,0,0,0,0,1,0,1
MIX_012,0,0,0,0,0,0,0,0,1,0,1,1,0,0
MIX_013,1,0,0,0,1,0,0,0,0,0,0,0,0,0
MIX_014,1,0,0,0,0,1,0,0,0,1,0,1,1,1
MIX_015,1,0,0,1,0,1,1,0,0,0,0,0,0,0
MIX_016,0,1,0,0,0,0,0,1,0,0,1,1,1,0
MIX_017,1,1,0,0,1,0,0,0,0,0,1,0,0,1
MIX_018,1,1,1,0,0,1,0,1,0,0,1,0,0,0
MIX_019,1,0,0,0,0,0,0,1,1,0,1,0,1,0
MIX_020,1,0,1,0,0,0,0,0,0,0,0,1,1,0
MIX_021,1,0,0,0,0,0,0,0,0,1,0,1,1,0
MIX_022,0,0,1,1,1,0,0,0,1,1,0,0,0,0
MIX_023,0,0,1,0,0,0,0,0,0,0,0,0,0,0
MIX_024,0,0,0,0,1,0,1,1,1,0,0,0,0,0
MIX_025,1,0,0,1,1,0,0,0,0,0,1,1,1,0
MIX_026,1,0,1,1,0,0,0,0,0,0,0,0,0,0
MIX_027,1,0,0,0,0,0,1,0,0,0,1,0,0,0
MIX_028,1,0,1,0,0,0,1,0,0,0,1,0,0,0
MIX_029,0,0,0,0,0,1,1,1,0,1,1,0,0,0
MIX_030,1,0,0,1,0,0,1,1,1,0,0,0,0,0
MIX_031,0,0,0,1,0,0,0,1,0,0,0,0,0,0
MIX_032,0,1,1,0,0,0,0,0,0,0,1,0,0,0
MIX_033,1,0,0,1,0,0,0,1,0,0,0,1,0,0
MIX_034,1,0,0,1,0,0,0,0,0,1,0,0,0,1
MIX_035,0,0,0,1,0,0,0,0,1,1,0,0,0,0
MIX_036,1,0,1,0,1,0,1,0,0,1,0,0,0,0
MIX_037,1,0,0,0,0,0,1,1,1,0,1,0,0,1
MIX_038,0,0,1,0,0,0,0,1,0,0,0,1,0,0
MIX_039,0,0,1,0,0,1,0,1,0,0,1,0,0,0
MIX_040,0,0,1,1,0,1,0,0,0,0,0,0,0,0
MIX_041,1,0,0,0,0,0,0,1,1,0,1,0,0,0
MIX_042,1,0,0,1,1,0,0,0,0,0,0,0,1,1
MIX_043,0,0,1,0,0,0,0,1,0,1,0,0,1,1
MIX_044,0,1,0,0,0,0,0,0,1,0,0,0,1,0
MIX_045,0,0,0,0,0,0,0,0,0,0,1,0,0,0
MIX_046,0,0,0,1,1,1,0,0,0,0,0,0,1,0
MIX_047,1,0,0,0,0,1,1,0,0,1,0,1,0,0
MIX_048,0,0,1,1,0,1,0,1,0,0,1,0,0,1
MIX_049,0,1,0,0,0,1,0,0,1,0,1,1,0,1
MIX_050,0,0,0,0,1,0,0,1,0,0,0,1,0,1
MIX_051,1,0,0,1,0,1,0,0,1,0,1,0,0,0
MIX_052,1,0,0,1,0,0,1,0,0,0,0,0,1,0
MIX_053,1,1,0,0,1,0,0,0,0,0,0,1,0,0
MIX_054,1,1,0,0,0,0,0,0,0,0,0,0,0,0
MIX_055,1,0,0,0,0,0,0,0,0,0,0,0,1,0
MIX_056,1,1,0,1,0,0,1,1,1,1,1,0,0,0
MIX_057,1,1,1,1,0,1,0,0,1,0,0,1,1,0
MIX_058,1,0,1,0,1,1,1,1,0,0,0,0,1,0
MIX_059,1,0,0,0,0,0,0,0,0,0,0,0,0,1
MIX_060,1,0,1,0,1,1,0,1,0,0,0,0,1,0
MIX_061,1,0,1,0,1,1,0,0,1,0,0,0,0,0
MIX_062,1,0,0,1,0,1,0,0,0,1,0,1,1,0
MIX_063,1,1,0,0,0,1,0,0,0,0,1,0,0,0
MIX_064,1,1,0,0,0,0,1,0,1,0,0,0,0,1
MIX_065,1,0,1,1,0,0,0,1,0,0,0,1,1,0
MIX_066,1,0,0,1,1,0,0,1,1,0,1,0,0,1
MIX_067,0,0,0,0,0,1,1,0,1,1,0,0,0,0
MIX_068,0,0,0,0,0,0,0,0,1,1,0,1,0,0
MIX_069,1,0,1,0,0,1,1,0,0,1,0,0,0,0
MIX_070,0,1,0,0,0,1,0,0,1,0,1,1,0,0
MIX_071,1,0,0,0,1,0,0,1,1,0,0,1,0,0
MIX_072,0,0,0,0,1,0,0,0,1,1,1,0,0,0
MIX_073,1,0,0,1,0,0,1,1,0,1,1,0,0,0
MIX_074,1,1,1,0,0,1,1,0,0,0,0,1,0,0
MIX_075,1,1,0,0,0,0,0,0,0,0,0,0,0,0
MIX_076,0,0,1,0,1,1,0,0,1,0,1,1,0,0
MIX_077,0,0,1,0,1,0,0,0,0,0,0,0,0,0
MIX_078,1,0,0,1,0,0,0,0,0,0,1,0,1,0
MIX_079,1,0,0,0,0,0,1,0,1,0,0,1,0,1
MIX_080,1,1,1,0,0,0,1,1,1,0,0,0,0,0
MIX_081,1,0,0,0,1,1,0,1,0,0,0,0,1,0
MIX_082,0,0,0,1,0,1,0,0,1,0,0,0,0,0
MIX_083,0,0,0,0,0,0,1,0,0,1,0,1,0,1
MIX_084,1,0,1,1,0,0,1,0,0,0,1,0,1,1
MIX_085,1,1,0,0,1,1,1,0,0,0,0,0,1,0
MIX_086,0,0,1,0,0,1,0,0,1,1,1,0,0,0
MIX_087,0,0,0,0,1,0,1,0,0,1,0,0,0,1
MIX_088,1,0,1,0,1,0,0,0,0,0,0,0,0,0
MIX_089,0,0,0,0,1,0,0,0,0,0,1,0,0,0
MIX_090,0,1,0,0,0,0,1,1,1,0,1,0,0,0
MIX_091,1,0,0,0,1,0,1,1,0,0,0,0,1,0
MIX_092,0,0,0,0,1,0,0,0,0,1,1,0,1,1
MIX_093,0,0,0,0,0,0,0,1,1,0,1,1,1,1
MIX_094,1,0,0,0,0,0,1,1,0,0,0,0,0,0
MIX_095,0,0,1,0,1,1,0,1,0,1,0,0,1,1
MIX_096,1,0,0,1,1,0,0,0,1,0,0,0,1,0
MIX_097,1,0,1,0,0,0,1,0,1,1,1,1,0,0
MIX_098,0,0,0,1,1,1,1,1,0,1,1,0,0,1
MIX_099,0,0,0,0,1,0,0,1,1,1,0,1,1,1
MIX_100,0,0,0,0,1,0,1,0,0,0,0,1,0,0
MIX_101,1,0,0,1,0,0,0,0,0,0,0,0,1,0
MIX_102,0,1,0,1,0,1,0,0,0,1,1,0,1,0
MIX_103,1,0,0,0,0,0,0,0,0,0,0,1,0,1
MIX_104,1,1,0,1,0,0,0,0,0,0,0,0,0,0
MIX_105,0,0,1,0,0,0,0,0,1,0,1,0,0,1
MIX_106,1,0,0,1,0,1,0,1,0,0,0,0,0,0
MIX_107,0,0,0,0,0,0,0,0,0,0,0,1,0,0
MIX_108,1,1,1,0,0,0,0,0,1,0,1,0,0,0
MIX_109,1,0,1,1,1,0,0,1,1,0,1,0,1,0
MIX_110,1,0,0,0,0,0,0,0,0,0,1,1,1,1
MIX_111,0,0,0,0,1,0,0,0,0,1,0,0,0,0
MIX_112,1,0,1,0,0,0,1,0,0,0,1,0,1,0
MIX_113,1,0,0,0,0,0,0,0,0,0,0,1,1,1
MIX_114,1,0,0,0,1,1,0,1,0,1,0,0,1,0
MIX_115,0,0,1,0,0,0,0,0,0,0,0,0,1,0
MIX_116,1,0,0,1,0,0,0,0,0,0,0,0,1,0
MIX_117,0,0,1,0,0,1,0,0,0,1,0,1,0,0
MIX_118,1,0,0,0,0,1,0,0,0,0,1,0,1,0
MIX_119,1,1,0,1,0,0,1,1,1,0,0,0,0,1
MIX_120,1,1,1,0,1,0,1,0,0,0,0,0,0,0
MIX_121,1,1,1,0,1,1,1,1,0,0,1,0,1,0
MIX_122,1,0,0,1,0,0,0,0,0,0,1,0,0,1
MIX_123,0,0,0,0,1,1,0,1,1,0,0,1,0,0
MIX_124,0,0,0,0,0,0,0,0,1,0,1,1,0,0
MIX_125,0,0,1,0,0,0,0,1,0,0,0,0,0,0
MIX_126,1,0,0,0,0,0,0,0,1,1,1,0,0,0
MIX_127,1,0,0,0,1,1,0,1,0,0,0,1,0,1
MIX_128,1,0,0,0,0,0,0,0,0,0,1,0,0,0
MIX_129,0,1,0,1,0,0,1,0,0,0,1,0,0,1
MIX_130,0,0,0,0,0,0,0,0,1,0,0,0,0,0
MIX_131,0,0,0,0,1,0,0,0,0,0,1,1,1,0
MIX_132,0,1,0,0,0,0,0,0,1,1,0,0,0,0
MIX_133,1,0,1,1,1,0,1,0,0,0,1,0,1,0
MIX_134,0,0,0,0,0,1,0,0,0,0,0,0,0,1
MIX_135,1,0,0,1,1,0,1,0,1,0,0,1,0,0
MIX_136,1,0,1,0,1,0,0,0,0,0,0,1,1,1
MIX_137,0,0,0,0,1,0,1,0,0,0,0,1,0,1
MIX_138,0,0,0,0,1,0,1,0,1,1,1,0,0,0
MIX_139,0,0,1,0,0,1,1,0,1,0,1,0,0,0
MIX_140,0,0,0,0,1,1,0,0,0,0,0,0,0,1
MIX_141,0,1,1,0,0,0,0,1,0,1,0,0,1,0
MIX_142,0,0,1,0,0,0,1,0,1,1,0,0,0,1
MIX_143,0,0,1,0,0,0,0,0,0,1,1,0,1,0
MIX_144,1,1,0,0,0,1,1,0,0,1,1,0,0,1
MIX_145,0,0,0,0,1,0,1,1,1,0,1,0,1,0
MIX_146,1,0,0,0,1,0,0,1,1,1,0,0,0,0
MIX_147,0,0,1,0,1,1,0,0,1,1,1,1,0,0
MIX_148,0,0,1,0,1,0,0,0,0,0,1,1,0,1
MIX_149,1,0,1,0,1,0,0,1,1,1,0,0,1,1
MIX_150,1,0,1,0,0,1,0,1,1,1,0,0,1,0
MIX_151,0,0,0,0,0,0,1,1,0,0,0,0,0,0
MIX_152,1,0,0,0,1,1,0,1,0,0,1,0,0,0
MIX_153,1,0,0,0,1,1,1,0,0,0,0,0,0,0
MIX_154,1,0,0,1,1,1,1,1,0,1,0,1,0,0
MIX_155,0,1,0,0,1,1,0,0,0,0,0,1,0,0
MIX_156,0,0,0,0,1,0,1,0,1,1,0,1,0,0
MIX_157,1,0,0,0,0,0,1,0,0,0,1,0,0,0
MIX_158,0,0,0,0,0,0,1,0,0,1,0,1,1,0
MIX_159,1,0,1,1,0,0,1,0,0,0,1,0,0,0
MIX_160,1,1,0,1,1,0,0,0,0,0,0,0,0,1
MIX_161,1,0,0,0,1,0,0,0,0,0,0,0,0,1
MIX_162,0,0,0,1,0,0,0,0,1,0,0,0,1,0
MIX_163,1,1,1,0,0,0,0,0,0,0,0,0,0,0
MIX_164,0,0,0,0,1,1,0,1,1,1,1,1,1,1
MIX_165,0,0,0,1,0,1,1,0,0,0,0,0,0,0
MIX_166,0,0,0,0,0,0,0,0,0,1,1,1,1,1
MIX_167,1,0,0,0,0,0,0,0,0,0,0,0,0,1
MIX_168,1,1,0,1,0,0,1,1,0,0,1,1,0,0
MIX_169,0,0,0,0,0,0,0,0,0,0,0,1,0,0
MIX_170,0,1,0,1,0,0,0,0,1,1,0,1,1,0
MIX_171,0,0,0,0,1,0,0,1,0,1,0,0,0,0
MIX_172,0,1,0,1,0,0,0,0,0,0,1,1,0,1
MIX_173,1,0,1,0,0,1,0,0,0,0,0,1,0,1
MIX_174,0,1,0,1,0,1,1,1,0,0,0,0,0,0
MIX_175,1,0,1,0,0,1,1,0,0,0,0,0,1,0
MIX_176,0,0,0,1,1,0,1,0,0,0,0,0,1,1
MIX_177,1,1,0,0,0,0,0,0,1,0,0,0,0,0
MIX_178,1,0,0,0,1,1,0,0,0,1,0,1,1,0
MIX_179,1,0,1,0,0,0,0,0,1,0,1,0,0,0
MIX_180,0,0,0,0,0,0,1,1,0,0,0,0,0,1
MIX_181,1,0,0,0,0,0,0,0,0,0,0,0,1,0
MIX_182,0,0,1,0,0,1,1,0,0,0,1,0,0,0
MIX_183,1,0,1,1,0,0,1,0,0,0,0,0,1,0
MIX_184,0,0,0,1,0,0,0,0,1,0,1,1,0,0
MIX_185,1,0,0,1,1,0,1,0,1,0,1,1,1,0
MIX_186,0,0,0,0,0,0,1,0,0,0,1,1,0,0
MIX_187,0,0,0,1,1,0,0,1,0,0,0,1,0,0
MIX_188,1,1,0,0,0,1,0,0,0,0,0,0,0,0
MIX_189,1,1,0,0,0,1,0,0,0,0,0,0,0,0
MIX_190,0,1,0,0,0,0,0,1,0,0,0,0,0,1
MIX_191,0,1,0,0,1,0,1,0,1,0,0,0,0,0
MIX_192,1,0,1,0,0,0,0,1,0,1,0,1,0,0
MIX_193,0,0,0,0,0,0,0,1,0,0,0,0,1,1
MIX_194,0,1,0,0,0,0,0,0,0,0,0,0,0,1
MIX_195,1,0,1,1,1,0,1,1,0,0,1,0,1,0
MIX_196,1,1,1,0,0,0,1,1,0,1,1,0,0,0
MIX_197,1,0,1,1,0,0,0,0,0,0,1,0,0,0
MIX_198,1,1,0,0,0,0,0,0,1,0,1,1,0,0
MIX_199,0,0,0,0,0,1,1,1,0,1,1,0,0,0
MIX_200,0,0,0,1,1,0,0,0,0,0,0,1,0,1
MIX_201,0,1,1,1,1,0,1,0,0,0,0,0,0,0
MIX_202,0,0,0,1,0,0,1,0,1,1,1,0,1,1
MIX_203,0,1,0,1,0,0,0,0,0,0,0,1,0,1
MIX_204,1,1,1,0,0,1,1,0,1,1,0,0,1,0
MIX_205,0,0,0,0,1,0,1,0,0,0,0,1,0,0
MIX_206,0,0,0,0,0,0,0,1,0,0,0,0,0,0
MIX_207,0,0,0,0,0,0,0,0,0,1,1,0,1,1
MIX_208,0,0,0,1,1,0,0,0,1,1,0,0,0,0
MIX_209,1,0,1,0,0,0,1,0,1,1,0,0,0,0
MIX_210,0,0,0,0,0,1,0,0,0,0,0,1,0,0
MIX_211,0,0,0,1,1,0,0,0,0,1,0,0,0,0
MIX_212,0,1,0,0,0,0,1,0,0,0,1,0,1,0
MIX_213,0,0,1,0,0,0,1,0,1,1,0,1,1,0
MIX_214,0,0,0,1,0,0,0,1,0,0,0,0,0,0
MIX_215,0,0,0,0,0,0,0,0,0,0,1,0,0,0
MIX_216,0,1,1,0,0,1,0,0,0,0,0,0,1,0
MIX_217,0,1,0,0,0,1,0,0,0,0,1,0,0,0
MIX_218,1,1,1,0,0,0,0,0,0,0,1,1,0,0
MIX_219,0,0,1,0,0,0,0,1,0,0,1,0,1,0
MIX_220,1,0,0,1,0,0,0,1,1,0,0,0,0,0
MIX_221,0,1,0,0,0,1,0,0,1,1,0,0,0,1
MIX_222,0,0,0,0,0,0,0,0,0,0,1,0,0,0
MIX_223,1,1,1,1,1,0,0,0,0,1,0,1,1,0
MIX_224,1,0,1,1,1,1,0,1,1,0,0,0,0,0
MIX_225,1,0,1,0,1,1,1,1,1,0,1,0,1,0
MIX_226,1,0,0,1,0,0,1,0,0,0,1,1,0,0
MIX_227,0,1,0,0,0,0,0,0,0,0,0,0,1,0
MIX_228,1,1,0,1,0,0,0,0,1,1,0,0,0,1
MIX_229,0,1,0,0,0,0,0,0,0,0,1,1,1,0
MIX_230,1,0,0,0,0,0,1,1,1,0,1,1,0,0
MIX_231,1,0,1,0,0,0,1,0,0,1,0,0,0,0
MIX_232,0,0,1,1,1,1,1,1,0,0,1,1,0,0
MIX_233,0,0,0,0,0,1,1,0,0,1,1,0,0,0
MIX_234,0,0,0,1,0,0,0,0,0,1,0,0,0,0
MIX_235,0,0,1,0,1,0,0,0,0,0,1,0,0,0
MIX_236,1,0,0,0,0,1,1,0,0,1,0,0,1,0
MIX_237,1,0,0,1,0,1,1,0,1,0,1,0,0,0
MIX_238,1,0,0,0,1,1,0,0,0,0,0,0,0,1
MIX_239,0,0,1,0,0,0,0,1,0,0,0,0,0,0
MIX_240,1,0,0,0,1,0,0,1,0,0,0,1,0,0
MIX_241,1,0,1,0,0,0,0,0,1,0,0,0,0,1
MIX_242,1,1,0,1,0,0,0,0,0,0,0,1,0,0
MIX_243,1,0,0,0,0,0,1,0,0,0,0,0,0,0
MIX_244,1,0,1,0,0,0,1,1,0,0,0,0,0,0
MIX_245,1,0,0,0,0,0,0,0,0,0,0,0,0,1
MIX_246,0,1,1,1,1,1,0,0,0,1,0,0,0,1
MIX_247,0,0,1,1,0,0,0,0,0,0,1,1,1,0
MIX_248,0,0,0,0,0,0,1,0,0,0,1,0,1,1
MIX_249,0,0,1,0,0,0,0,0,0,1,0,0,0,1
MIX_250,0,0,1,1,0,1,0,0,1,1,1,0,0,0
MIX_251,1,0,0,1,0,0,0,0,1,1,1,1,0,0
MIX_252,1,0,0,0,0,0,1,0,1,0,0,1,0,0
MIX_253,1,1,1,0,1,1,0,0,1,0,1,0,0,0
MIX_254,1,0,0,0,1,1,1,0,0,1,0,0,0,0
MIX_255,0,0,0,1,0,0,1,0,0,0,1,1,0,0
MIX_256,0,1,0,0,0,0,0,0,1,1,0,1,0,0
MIX_257,1,1,0,0,0,1,0,1,0,0,1,1,0,0
MIX_258,1,0,0,0,1,0,1,0,1,0,1,0,0,0
MIX_259,0,0,1,0,1,1,1,0,0,0,1,0,0,0
MIX_260,0,0,0,0,1,0,0,0,0,1,0,0,0,0
MIX_261,0,0,1,0,0,1,1,1,1,0,1,0,0,0
MIX_262,0,0,0,0,0,1,0,1,1,1,0,1,0,0
MIX_263,1,0,1,0,0,0,0,0,0,0,0,1,0,0
MIX_264,0,0,1,1,0,0,0,0,0,0,0,0,1,0
MIX_265,1,1,1,0,1,1,1,0,0,0,0,0,0,0
MIX_266,0,1,0,1,0,0,0,1,0,1,0,1,0,1
MIX_267,0,1,1,1,0,0,0,1,0,0,1,0,0,0
MIX_268,0,0,0,0,0,0,1,0,0,1,1,0,0,1
MIX_269,1,1,0,0,0,0,0,0,1,0,1,0,1,1
MIX_270,0,0,1,0,1,1,0,0,0,0,1,1,0,0
MIX_271,0,1,0,1,0,1,0,0,0,0,1,1,0,0
MIX_272,1,0,1,0,1,0,0,0,0,0,1,1,0,0
MIX_273,0,0,0,0,0,1,0,0,0,1,1,0,1,1
MIX_274,0,0,1,1,0,0,1,0,0,0,1,0,1,0
MIX_275,1,1,0,0,0,0,1,1,0,0,0,1,0,0
MIX_276,0,0,1,1,0,1,0,0,0,1,0,1,0,1
MIX_277,1,0,0,1,1,0,1,0,0,0,0,0,0,0
MIX_278,0,0,1,1,0,0,1,1,0,0,1,0,0,0
MIX_279,0,0,0,0,0,1,1,1,0,1,0,1,1,1
MIX_280,0,0,0,0,0,1,0,1,1,0,0,0,0,1
MIX_281,0,1,0,0,1,1,1,1,0,0,1,0,0,0
MIX_282,1,0,0,0,0,0,1,1,1,0,0,0,0,0
MIX_283,0,1,0,1,0,0,0,0,0,0,0,1,0,0
MIX_284,0,0,0,0,1,0,1,0,1,0,0,0,0,1
MIX_285,0,0,0,0,0,1,1,0,1,0,1,0,0,1
MIX_286,1,1,0,1,0,1,0,0,0,1,0,1,1,1
MIX_287,1,0,0,0,1,1,0,1,1,0,1,1,1,0
MIX_288,1,1,0,0,0,0,0,0,0,0,0,0,0,0
MIX_289,0,0,0,0,0,0,0,0,0,0,0,0,0,1
MIX_290,0,0,0,0,0,1,0,0,1,1,0,0,0,0
MIX_291,1,0,0,1,0,1,0,1,1,0,0,0,0,0
MIX_292,0,0,0,0,0,1,0,1,1,1,1,0,1,0
MIX_293,1,0,0,0,1,0,1,1,1,0,0,0,0,0
MIX_294,1,0,1,0,0,0,1,0,0,1,0,1,0,1
MIX_295,0,0,0,0,0,0,0,0,0,0,1,0,0,1
MIX_296,1,1,0,0,0,1,0,0,0,0,0,0,1,0
MIX_297,0,0,0,0,0,0,0,1,0,0,0,0,0,1
MIX_298,1,1,0,0,0,1,0,0,1,0,0,1,1,1
MIX_299,0,1,0,1,0,0,1,1,1,0,0,0,1,0
MIX_300,0,1,0,0,1,1,0,0,0,0,1,0,1,1
