,TP53,CTNNB1,TERT,ARID1A,AXIN1
EARLY_001,0,0,0,0,1
EARLY_002,0,0,0,0,0
EARLY_003,0,0,0,1,0
EARLY_004,0,0,0,0,0
EARLY_005,0,0,0,0,0
EARLY_006,1,0,1,1,0
EARLY_007,1,0,1,0,1
EARLY_008,0,0,0,0,0
EARLY_009,0,0,0,0,0
EARLY_010,0,0,1,0,1
EARLY_011,0,1,0,0,0
EARLY_012,0,0,0,0,0
EARLY_013,0,0,1,0,0
EARLY_014,0,1,0,1,0
EARLY_015,0,0,0,0,0
EARLY_016,1,0,0,0,1
EARLY_017,0,1,0,1,0
EARLY_018,1,0,0,0,0
EARLY_019,1,0,0,1,0
EARLY_020,0,1,0,0,1
EARLY_021,0,0,1,0,0
EARLY_022,0,1,0,0,0
EARLY_023,0,0,0,1,0
EARLY_024,0,0,0,0,1
EARLY_025,0,1,0,0,0
EARLY_026,0,0,0,0,1
EARLY_027,0,0,0,1,0
EARLY_028,0,0,0,0,0
EARLY_029,0,0,0,0,1
EARLY_030,0,0,0,0,0
EARLY_031,0,0,0,0,0
EARLY_032,0,0,0,0,0
EARLY_033,0,0,0,1,0
EARLY_034,1,0,1,0,0
EARLY_035,0,0,1,0,0
EARLY_036,0,0,0,1,0
EARLY_037,0,0,1,0,0
EARLY_038,0,0,1,1,0
EARLY_039,1,1,0,0,0
EARLY_040,0,0,0,0,0
EARLY_041,0,0,0,1,0
EARLY_042,1,0,0,1,0
EARLY_043,0,0,0,0,1
EARLY_044,0,1,0,1,1
EARLY_045,0,0,0,0,0
EARLY_046,0,0,0,1,1
EARLY_047,0,0,0,0,0
EARLY_048,0,0,0,0,0
EARLY_049,0,0,0,0,0
EARLY_050,0,0,0,1,0
EARLY_051,0,0,1,1,1
EARLY_052,1,0,0,0,0
EARLY_053,0,0,1,0,0
EARLY_054,0,0,0,0,0
EARLY_055,0,0,0,1,0
EARLY_056,0,0,1,0,0
EARLY_057,1,0,0,1,0
EARLY_058,0,0,0,0,0
EARLY_059,0,0,0,1,0
EARLY_060,0,0,1,0,0
EARLY_061,0,0,0,0,0
EARLY_062,0,0,0,0,0
EARLY_063,0,0,0,0,0
EARLY_064,0,0,0,0,0
EARLY_065,1,0,0,0,0
EARLY_066,0,0,0,0,0
EARLY_067,0,0,1,1,1
EARLY_068,0,0,1,0,1
EARLY_069,0,0,0,0,0
EARLY_070,0,0,1,0,1
EARLY_071,0,0,0,0,0
EARLY_072,0,0,1,1,0
EARLY_073,1,0,0,0,0
EARLY_074,0,0,0,1,0
EARLY_075,1,0,0,0,1
EARLY_076,0,0,0,0,0
EARLY_077,0,0,1,0,0
EARLY_078,0,0,0,0,0
EARLY_079,0,0,1,0,0
EARLY_080,0,0,1,0,0
EARLY_081,0,1,0,0,0
EARLY_082,1,0,0,0,1
EARLY_083,0,0,1,0,0
EARLY_084,0,0,1,0,0
EARLY_085,0,0,0,0,0
EARLY_086,0,0,0,0,0
EARLY_087,1,0,0,0,0
EARLY_088,1,0,0,0,0
EARLY_089,0,0,0,0,0
EARLY_090,1,1,0,0,1
EARLY_091,1,0,1,1,0
EARLY_092,0,1,1,0,0
EARLY_093,1,1,0,0,0
EARLY_094,0,0,0,1,0
EARLY_095,0,0,1,0,1
EARLY_096,1,1,0,0,0
EARLY_097,0,1,0,0,0
EARLY_098,0,0,0,0,0
EARLY_099,1,0,0,0,0
EARLY_100,1,0,0,1,0
EARLY_101,0,1,0,1,0
EARLY_102,0,0,0,0,0
EARLY_103,0,0,0,0,1
EARLY_104,0,1,0,0,1
EARLY_105,1,0,0,0,0
EARLY_106,1,0,0,0,0
EARLY_107,0,0,0,1,0
EARLY_108,1,0,0,1,1
EARLY_109,0,0,0,0,0
EARLY_110,1,0,0,1,0
EARLY_111,0,0,0,0,0
EARLY_112,0,0,1,0,1
EARLY_113,0,0,0,0,0
EARLY_114,0,1,1,0,0
EARLY_115,0,0,0,0,1
EARLY_116,0,0,0,0,0
EARLY_117,0,0,0,0,1
EARLY_118,0,0,0,0,0
EARLY_119,1,0,0,0,0
EARLY_120,1,0,0,0,0
EARLY_121,0,0,0,0,0
EARLY_122,0,0,0,0,0
EARLY_123,1,0,0,0,1
EARLY_124,0,0,1,0,0
EARLY_125,0,0,0,0,0
EARLY_126,0,0,0,0,0
EARLY_127,0,0,0,0,1
EARLY_128,0,0,0,1,0
EARLY_129,0,0,0,0,0
EARLY_130,0,0,0,0,0
EARLY_131,0,0,1,0,0
EARLY_132,0,0,0,0,0
EARLY_133,1,0,1,0,0
EARLY_134,0,1,0,0,0
EARLY_135,0,1,0,0,0
EARLY_136,0,1,0,1,0
EARLY_137,1,0,1,0,0
EARLY_138,1,0,0,0,0
EARLY_139,0,0,0,0,0
EARLY_140,1,1,0,0,0
EARLY_141,0,1,0,1,0
EARLY_142,0,0,0,0,0
EARLY_143,0,1,0,0,0
EARLY_144,0,0,0,1,0
EARLY_145,1,0,0,0,0
EARLY_146,0,0,0,0,0
EARLY_147,1,0,0,1,0
EARLY_148,0,0,0,0,0
EARLY_149,1,0,0,0,0
EARLY_150,0,0,0,1,0
