sample_id,gene,mutation_type
SAMPLE_052,GENE_0070,In_Frame_Del
SAMPLE_072,GENE_0166,Splice_Site
SAMPLE_083,GENE_0192,Frame_Shift_Del
SAMPLE_075,GENE_0065,Splice_Site
SAMPLE_100,GENE_0081,In_Frame_Ins
SAMPLE_003,GENE_0127,Splice_Site
SAMPLE_002,GENE_0065,Frame_Shift_Ins
SAMPLE_030,GENE_0015,Nonsense_Mutation
SAMPLE_064,GENE_0165,Splice_Site
SAMPLE_033,GENE_0181,Nonsense_Mutation
SAMPLE_022,GENE_0066,Missense_Mutation
SAMPLE_091,GENE_0036,In_Frame_Del
SAMPLE_042,GENE_0197,Frame_Shift_Ins
SAMPLE_080,MLH1,Silent
SAMPLE_062,GENE_0152,Silent
SAMPLE_051,GENE_0085,In_Frame_Del
SAMPLE_064,GENE_0108,Splice_Site
SAMPLE_051,GENE_0112,Splice_Site
SAMPLE_073,GENE_0144,Nonsense_Mutation
SAMPLE_004,GENE_0066,Frame_Shift_Ins
SAMPLE_014,RB1,Nonsense_Mutation
SAMPLE_053,GENE_0107,Frame_Shift_Ins
SAMPLE_092,GENE_0088,Frame_Shift_Ins
SAMPLE_071,GENE_0149,Splice_Site
SAMPLE_008,GENE_0152,Frame_Shift_Del
SAMPLE_078,GENE_0058,Frame_Shift_Ins
SAMPLE_050,GENE_0081,Frame_Shift_Ins
SAMPLE_002,GENE_0111,Silent
SAMPLE_004,GENE_0031,Splice_Site
SAMPLE_063,GENE_0123,Nonsense_Mutation
SAMPLE_044,GENE_0139,Nonsense_Mutation
SAMPLE_062,VHL,In_Frame_Del
SAMPLE_048,MLH1,In_Frame_Ins
SAMPLE_078,GENE_0192,Frame_Shift_Ins
SAMPLE_062,GENE_0017,Splice_Site
SAMPLE_080,GENE_0059,In_Frame_Del
SAMPLE_053,GENE_0001,Nonsense_Mutation
SAMPLE_089,GENE_0165,Frame_Shift_Ins
SAMPLE_041,GENE_0134,In_Frame_Del
SAMPLE_045,GENE_0042,Missense_Mutation
SAMPLE_071,RB1,In_Frame_Ins
SAMPLE_001,GENE_0113,In_Frame_Ins
SAMPLE_063,GENE_0116,Frame_Shift_Del
SAMPLE_081,GENE_0113,Frame_Shift_Del
SAMPLE_035,GENE_0010,Frame_Shift_Del
SAMPLE_005,GENE_0018,Frame_Shift_Ins
SAMPLE_007,GENE_0178,In_Frame_Ins
SAMPLE_012,GENE_0139,Missense_Mutation
SAMPLE_048,GENE_0128,Silent
SAMPLE_088,GENE_0014,Frame_Shift_Del
SAMPLE_044,GENE_0081,Silent
SAMPLE_091,GENE_0012,Missense_Mutation
SAMPLE_099,GENE_0078,In_Frame_Del
SAMPLE_078,GENE_0108,Missense_Mutation
SAMPLE_005,GENE_0195,In_Frame_Del
SAMPLE_014,GENE_0080,Frame_Shift_Del
SAMPLE_009,GENE_0184,In_Frame_Del
SAMPLE_090,GENE_0019,Frame_Shift_Ins
SAMPLE_077,GENE_0156,In_Frame_Del
SAMPLE_096,GENE_0029,Splice_Site
SAMPLE_096,GENE_0109,Silent
SAMPLE_023,GENE_0120,Frame_Shift_Del
SAMPLE_029,GENE_0013,Splice_Site
SAMPLE_032,GENE_0048,Frame_Shift_Del
SAMPLE_086,GENE_0005,Nonsense_Mutation
SAMPLE_042,GENE_0022,Silent
SAMPLE_057,GENE_0111,Frame_Shift_Ins
SAMPLE_028,GENE_0085,Frame_Shift_Ins
SAMPLE_084,GENE_0007,Silent
SAMPLE_075,GENE_0105,Nonsense_Mutation
SAMPLE_092,GENE_0194,In_Frame_Del
SAMPLE_062,GENE_0106,Missense_Mutation
SAMPLE_027,GENE_0167,Missense_Mutation
SAMPLE_077,PIK3CA,In_Frame_Del
SAMPLE_070,GENE_0177,Frame_Shift_Del
SAMPLE_009,GENE_0039,Splice_Site
SAMPLE_097,GENE_0028,Nonsense_Mutation
SAMPLE_044,GENE_0129,In_Frame_Del
SAMPLE_059,GENE_0095,In_Frame_Ins
SAMPLE_096,GENE_0193,Missense_Mutation
SAMPLE_052,GENE_0090,Silent
SAMPLE_058,GENE_0029,Frame_Shift_Ins
SAMPLE_039,GENE_0107,Frame_Shift_Del
SAMPLE_056,GENE_0058,Frame_Shift_Del
SAMPLE_002,GENE_0107,Frame_Shift_Ins
SAMPLE_054,GENE_0064,Splice_Site
SAMPLE_096,GENE_0106,Frame_Shift_Del
SAMPLE_002,GENE_0030,Frame_Shift_Ins
SAMPLE_090,GENE_0137,Silent
SAMPLE_032,GENE_0045,In_Frame_Del
SAMPLE_075,GENE_0161,Frame_Shift_Del
SAMPLE_017,GENE_0015,In_Frame_Ins
SAMPLE_069,GENE_0093,Nonsense_Mutation
SAMPLE_070,GENE_0191,Frame_Shift_Del
SAMPLE_016,GENE_0074,Missense_Mutation
SAMPLE_059,GENE_0047,In_Frame_Ins
SAMPLE_093,PIK3CA,Frame_Shift_Ins
SAMPLE_059,GENE_0141,Frame_Shift_Del
SAMPLE_090,GENE_0172,In_Frame_Del
SAMPLE_019,GENE_0125,In_Frame_Ins
SAMPLE_071,GENE_0029,Missense_Mutation
SAMPLE_033,GENE_0145,In_Frame_Ins
SAMPLE_039,GENE_0059,In_Frame_Ins
SAMPLE_001,BRCA2,Frame_Shift_Ins
SAMPLE_057,GENE_0194,Nonsense_Mutation
SAMPLE_023,GENE_0136,Silent
SAMPLE_042,GENE_0076,In_Frame_Del
SAMPLE_016,GENE_0067,In_Frame_Ins
SAMPLE_060,GENE_0090,Nonsense_Mutation
SAMPLE_001,GENE_0025,Silent
SAMPLE_012,GENE_0174,Splice_Site
SAMPLE_032,RB1,Missense_Mutation
SAMPLE_099,GENE_0124,In_Frame_Ins
SAMPLE_080,GENE_0108,Frame_Shift_Ins
SAMPLE_024,GENE_0031,In_Frame_Ins
SAMPLE_033,GENE_0129,Frame_Shift_Ins
SAMPLE_075,GENE_0090,In_Frame_Ins
SAMPLE_036,GENE_0143,In_Frame_Ins
SAMPLE_084,GENE_0089,Silent
SAMPLE_089,GENE_0076,Missense_Mutation
SAMPLE_093,GENE_0123,In_Frame_Ins
SAMPLE_082,GENE_0171,Silent
SAMPLE_035,GENE_0185,Splice_Site
SAMPLE_041,GENE_0138,Frame_Shift_Ins
SAMPLE_033,GENE_0119,Splice_Site
SAMPLE_048,GENE_0125,In_Frame_Ins
SAMPLE_008,GENE_0112,Frame_Shift_Del
SAMPLE_017,GENE_0105,Missense_Mutation
SAMPLE_048,GENE_0181,Frame_Shift_Del
SAMPLE_086,GENE_0096,Silent
SAMPLE_030,GENE_0015,Silent
SAMPLE_051,GENE_0159,In_Frame_Ins
SAMPLE_027,GENE_0004,Nonsense_Mutation
SAMPLE_021,GENE_0007,Missense_Mutation
SAMPLE_028,GENE_0088,In_Frame_Ins
SAMPLE_097,GENE_0174,Frame_Shift_Ins
SAMPLE_061,GENE_0025,Frame_Shift_Del
SAMPLE_004,GENE_0012,In_Frame_Ins
SAMPLE_049,CTNNB1,Frame_Shift_Ins
SAMPLE_092,GENE_0135,Splice_Site
SAMPLE_046,GENE_0094,Silent
SAMPLE_099,GENE_0101,Missense_Mutation
SAMPLE_037,GENE_0001,Splice_Site
SAMPLE_046,GENE_0158,In_Frame_Del
SAMPLE_099,GENE_0165,Missense_Mutation
SAMPLE_063,GENE_0190,In_Frame_Ins
SAMPLE_087,GENE_0138,In_Frame_Ins
SAMPLE_067,GENE_0105,Nonsense_Mutation
SAMPLE_025,GENE_0031,Nonsense_Mutation
SAMPLE_067,GENE_0081,Silent
